"","ADH1C","TNC","MYH11","KPNA2","C1QC","GNAO1","CBR1","PCNA","SHMT2","MRTO4","IDH1"
"PDAC_1T",-0.940986302640886,-0.347216154801295,-0.108375098453476,-0.333069661898765,-0.0434912615373807,-0.249249292806108,-0.960948328804321,-0.811651241042545,0.637443264626348,-0.60795343048986,1.93636327919544
"PDAC_2T",-0.321491489529984,2.36437290411268,-0.0252773457430574,0.214642806222932,-0.553120168935584,0.0689902819001718,-0.420950378081981,-0.411191376587837,-0.680360309395045,-0.282349790712292,-0.601565012406982
"PDAC_3T",1.19316337487649,-0.592325492793958,-0.397530556548264,-0.286487805899389,1.65954363617682,0.895915573389979,-0.550024527042732,-0.509430932814171,-0.831697863308795,-0.282349790712292,-0.692667063674248
"PDAC_4T",-0.870482494951676,-0.469765994437616,-0.383235424021621,0.692858150474592,-0.504520678092908,-0.249249292806108,0.83974138224392,-0.218862107290138,1.39551004461628,-0.282349790712292,5.06972990744107
"PDAC_5T",-0.363093385946762,0.120362481452981,-0.341167055164607,-0.0276579769996297,-0.662358065589956,0.158364905073851,1.1893562408737,1.51577233148777,0.0969418980082201,-0.284028159989496,0.7747765276747
"PDAC_6T",2.19373039669504,-0.661588174070128,-0.134049317198287,-0.408953007962265,-0.875951718266103,-0.165723117497373,2.47217645830663,-0.998952815748644,-0.725089749979366,0.350059752938159,-0.122773753597699
"PDAC_7T",-0.644614566938262,-0.224299283804148,-0.130989764673846,-0.469058628606621,0.994573890468692,-0.146077502569825,-0.223571581818037,-0.305609790164245,-0.514772981129135,-0.818420937851236,-0.232059193340784
"PDAC_8T",1.64992691380943,0.167429424119106,1.09023091246932,-0.237651989125849,-0.803385355227038,-0.883951289552524,6.08485575970591,-0.273767724417448,0.133185120616069,-0.282349790712292,0.652092052257576
"PDAC_9T",0.220059707660694,-0.345564513677571,-0.264655281059021,-0.0471923037090454,0.557899698205329,0.737328931836682,-0.20943253686127,-0.154220319683858,-0.0362563649808214,-0.333707890594733,0.969454121442448
"PDAC_10T",-0.932238715619265,-0.221314739317418,-0.380633177972065,-0.286487805899389,-0.233617351854564,0.175296323202199,-0.808275034927777,-0.948995088536877,-0.549955426489925,0.174502326542625,-1.13822415748544
"PDAC_11T",0.154525459375794,-0.236411318711457,-0.180187522340159,-0.437127517639307,-0.488764678778615,-0.354101300108563,1.2578142031222,-0.238813276304423,-0.384297379740879,-0.737523538690005,1.82717751346906
"PDAC_12T",-0.809714373814768,-0.548358999254824,-0.231084393603535,-0.28498516538328,-0.794619693636692,-0.0568967505960882,1.58386398682403,-0.768716325323806,-0.202586237319672,4.72154037234358,-0.259797048274925
"PDAC_13T",0.138367125874062,-0.62617930647029,-0.34304985671811,-0.448772981639151,1.53233058537516,1.75295552460425,0.817135945307016,-0.425157194897835,0.272005503014523,-0.65494777025157,1.06949835592257
"PDAC_14T",-0.0248146054428855,-0.484524518630892,-0.380914450155363,-0.308276093382968,0.000448004155998054,-1.06845204816486,-0.97835809259446,-0.276401278727334,1.14053455366486,-0.822952534899686,-1.23311382138745
"PDAC_15T",-0.542375327263637,-0.386073185448909,-0.173046653033583,-0.324053818802112,-0.846048606891443,-0.0869467865872386,-0.292262355650169,-0.774781480704149,0.0925573520537095,0.963335886828484,-0.363030851289566
"PDAC_16T",0.830792402874524,1.79804351435575,3.37860782012465,-0.146742237901261,-0.290372236708511,0.039909601908736,1.10878639794536,-0.64238552312536,-0.657801113274257,0.28712090504301,1.02018819594468
"PDAC_17T",0.0466482400261038,-0.630786515920678,-0.367191429076381,-0.286487805899389,-0.701969979358987,-0.47604628487265,0.17162892055187,-0.947558604367848,-0.375528287831858,0.0647369758134862,0.208257895020836
"PDAC_18T",-0.461467412751369,-0.514456891978383,-0.219513965764075,-0.491598236348255,0.288161428254309,-0.669917484815556,-1.08531514111079,-0.775739136816834,-1.09558388313551,-0.584288423681284,-0.542515277082608
"PDAC_19T",0.0229629130406518,-0.568700263620688,-0.389723818399595,-0.286487805899389,0.372211917554143,1.77066242753237,1.23914952811301,-0.247432181318593,0.680970490997336,0.246672205462395,0.749971936660699
"PDAC_20T",0.813413475834892,-0.542138783560799,-0.334621258300246,-0.413836589639619,1.6435102425084,-0.262464846268882,-0.256954491577408,-0.586522249885364,0.888706035213056,-0.407388301863987,-0.0272290890144928
"PDAC_21T",-0.321491489529984,-0.267309564061125,-0.325825283969504,0.156415486223712,-0.575755548232173,-0.0972219601842125,-0.374115501454104,0.736639279141952,0.743945300231071,1.64374679180697,1.34509701210855
"PDAC_22T",-0.895010612713297,4.03307132739519,-0.341092431932304,0.487372059896698,-0.85192936719889,1.22982640342498,2.06737957602631,-0.73017066678821,1.57987313015513,-0.282349790712292,1.63842340412257
"PDAC_23T",-0.321491489529984,-0.262798941810955,0.0165384521738528,0.321705942995691,-0.770763779181954,-0.147434600969425,-0.444731229599627,0.898722576213995,0.900904973554234,2.57071014360671,0.639775191622036
"PDAC_24T",-0.625608181848096,-0.0329503814527022,-0.027177368042476,-0.286487805899389,0.757401717691932,-0.402116733961089,-0.90911084229415,-0.558431003913253,-1.05937601976922,-0.282349790712292,-1.22580913987758
"PDAC_25T",-0.609304539591852,0.458639832775715,0.177095120015248,0.608334621443466,-0.43883369503614,0.958859089638109,-0.40015632883231,-0.526908156870684,0.285512733293741,-0.650248336275399,0.0329882562198404
"PDAC_26T",-0.321491489529984,0.0714893581427842,-0.3520161250918,-0.325556459318221,-0.172923467172043,2.26322452285398,-0.521008254059166,-0.969105866903275,0.016534982681148,-0.411752061984717,0.164529479978359
"PDAC_27T",-0.464577020097926,-0.645535381393933,-0.394291142899809,-0.534047830928331,-0.243548069732234,2.80380205202811,-1.03249530328435,-0.571997798842966,-0.334865160027929,-0.693885937482702,-0.889993138457268
"PDAC_28T",-0.747841906143569,-0.231089363979458,0.0427369469610009,-0.221122943448651,-0.267625899670272,-0.691372564275904,0.158926493416012,0.797211028269318,-0.701151543437401,-0.265062587157091,-0.252179105569707
"PDAC_29T",3.11190735470531,-0.569192858341799,-0.267873647129133,-0.286487805899389,0.589689091188038,0.215686156523637,0.448646313409652,-0.580377289828965,-0.312553478598122,0.546596795298742,-0.0309170276325331
"PDAC_30T",-0.321491489529984,0.583160051296478,-0.268200841301541,0.0579925324185781,1.56140151368744,-1.02450790951113,1.18498392576658,-0.831682214732887,-0.346286195054598,-0.347806192523246,0.767172824114725
"PDAC_31T",-0.480473797841536,0.294750671446184,-0.283825798096154,-0.0272823168706024,-0.277501138677118,-0.821460139437594,0.934518410104722,0.965359480721704,-0.445504226896183,-0.469320128192813,-0.223857445680587
"PDAC_32T",-0.623370427028612,2.53953379170763,1.10791279169281,-0.377397557123978,-0.123103441171217,0.0397157307087932,1.5552281620381,2.09020638974704,-0.553986380028749,2.46060911902213,-0.750805493703045
"PDAC_33T",-0.0833159100094064,-0.0286039574429021,-0.0936379667816523,0.416372295510553,-0.218970929956771,-0.858101796226803,-0.71149923444658,0.497863688379001,-0.741850030482898,0.299540837694319,-1.14044546414341
"PDAC_34T",-0.321491489529984,0.171978681249363,-0.359960629207798,-0.330815701124602,-0.554174267481259,0.376211510076363,-0.472464199707599,0.591713987422193,-0.59613459597856,-0.540650822473981,-0.436091905533445
"PDAC_35T",-0.485239924989529,0.135555648047238,-0.0809539307062795,0.210510544803632,1.17127409404623,-0.582416949907991,-0.131156739781337,3.14546362125055,-0.0678321677016109,2.998526472366,1.08160162937946
"PDAC_36T",-0.321491489529984,-0.530181288173837,-0.330325638902266,-0.297006289512151,-0.386905471943965,-0.354295171308506,-0.715252611441128,-0.361153844700012,-0.810058007468792,4.00991179880911,-1.28522909297829
"PDAC_37T",0.807281446394487,-0.549817465978112,-0.242126718568232,-0.54644461518623,0.263140457512246,-0.449873672880358,0.31428563800121,0.744539942071608,2.20361015142582,0.94017439080307,2.43573010288144
"PDAC_38T",-0.835288714608876,-0.276707498642315,-0.349157481269715,0.167685290094528,-0.603772377998785,0.317791655160234,-0.15268897210104,-0.129800088810375,-0.418065455438923,-0.429542776323079,-0.753667561896968
"PDAC_39T",-0.479805377570781,-0.612908225160367,-0.378379173673259,-0.520899726412379,0.283723118588311,-1.05365321323588,-0.202771854237058,-0.566890299575309,-1.00520566168608,-0.282349790712292,-1.10125933643358
"PDAC_40T",-0.286399425315342,-0.564508379131237,-0.29496570728771,-0.286487805899389,-0.376752838582995,0.220339065322267,0.903997379324552,-0.466416212419375,-0.132221346598092,0.427768250472702,-0.433201359049035
"PDAC_41T",0.298293941089942,1.01795699179684,4.36628648140122,-0.403318106026856,2.0693660549609,-0.677736956546586,0.0947727062989219,-0.063083379626609,-0.768864491041334,-0.281007095290529,0.269799480762806
"PDAC_42T",-0.824913669536721,1.06180758069571,-0.401720938054534,0.444171145058567,0.116620759663492,-1.24687817584564,-0.359743644913711,0.77654161717052,-0.94513031026097,0.724839612537802,-0.250669756173906
"PDAC_43T",0.40930982953709,-0.335760912855467,-0.266830835293098,-0.250048773383748,0.240616035957307,-0.6190586066972,-0.304141424746377,0.858501019481199,0.623052053307914,1.99502948152576,-0.191676977430505
"PDAC_44T",1.86780286032468,-0.606987429787017,-0.316350046883179,-0.562222340605373,1.32273141139841,0.764729394761946,0.469111019443463,0.252783528207536,-0.140601486849858,-0.360226125174556,-0.124211907267282
"PDAC_45T",0.585918089770944,-0.513877368777076,-0.33615007785436,-0.31879457699573,0.493599686919185,0.460093115918327,-0.00213369580235742,0.205379550629597,0.121339774690577,1.0054629556863,-0.664886491304377
"PDAC_46T",-0.84795963800232,-0.621011891258638,-0.290461525522522,-0.420974132091136,-0.899863111591667,-0.30479339158975,-0.74257106336362,-0.995281800650016,-0.839406177970757,-0.208165868659877,-1.22056913442801
"PDAC_47T",-0.53403460475465,0.231630936103865,-0.354036692612632,-0.512259543444752,-0.912623251881411,1.33399986152763,-0.999140785181515,-0.936864777776192,-1.0529759970453,-0.282349790712292,-1.55842133361814
"PDAC_48T",0.492106757858013,0.853787727586678,2.65264622844975,-0.488968615445064,-0.46818201770255,0.140334883479161,0.811309977385071,-0.0806404083591789,-0.43394175490324,-0.282349790712292,-0.00427558688213407
"PDAC_49T",0.165394554213289,-0.478227033176693,-0.0385449737633675,-0.281979884351062,-0.201827958871854,0.122821851750986,1.22903074172226,-0.842535650676657,1.32613521265862,-0.172752276910874,1.94406665677212
"PDAC_50T",-0.40674413580216,0.00791566295944083,-0.310223288169445,0.730424163377314,1.70675615524887,-0.221751894280872,-0.515534342678313,0.494112868604315,0.891287259847566,-0.13717084823415,-0.340817784709864
"PDAC_51T",0.575543044698789,-0.515905699981649,-0.105728843831023,0.0279397220963999,0.291046329537208,-0.504222232597686,-0.334355825635918,-0.63679919580136,0.0837529009031199,0.256574584197898,-0.0317144197661636
"PDAC_52T",0.362258854826113,-0.637528302495879,-0.0115677185775655,-0.413836589639619,-0.155059270766402,-0.888991940751039,-0.113287031155254,0.0918174966002923,-0.0603713677306293,-0.529405748316714,1.71161261067364
"PDAC_53T",1.24922349236721,-0.558742123278235,-0.174196616177541,-0.286487805899389,0.360173002585124,-0.193382075355894,-0.290121624747077,0.570246529562823,-0.42046988386559,-0.491642439579625,2.76933903678903
"PDAC_54T",-0.321491489529984,-0.28651109946442,-0.130800336468768,-0.12645659093379,0.715071339252478,-0.734024228263343,-0.458557966334458,1.24906510410482,0.86996563718168,-0.0426786579275671,-0.129921804509885
"PDAC_55T",-0.10653624898042,0.177001215660688,0.0150096326197386,0.0234318005480732,1.6452855663748,-0.40528329689349,-0.826752325003809,1.31306845430265,-0.0908863932043598,-0.799791038874272,0.0373454346643207
"PDAC_56T",0.483068553327369,-0.043362481636179,1.84357540356716,-0.2714614007383,0.760342097845656,-0.604712137901425,0.81770377843781,1.02537259711667,0.654168185888312,0.0862201025616967,-0.0159944034174513
"PDAC_57T",-0.750021537461249,-0.0601203608739639,-0.261655044437179,2.31157764645291,1.13881895461362,-0.806338185842047,0.489030605671711,2.04160534202824,1.50416899395669,0.296519772995352,1.31475339359487
"PDAC_58T",-0.399594945080171,-0.565184489532761,-0.284918358753725,-0.372138315317597,0.193514474626905,1.16597815491045,-0.425016063298465,-0.805586085662203,-0.620072802520525,-0.282349790712292,0.149606855763277
"PDAC_59T",0.0951523022822009,-0.661974522870999,-0.378966592450622,-0.312408354802268,-0.455810229508581,0.235202523984556,-0.411785551350968,-0.446864066785376,1.4294195572806,-0.282349790712292,1.9567252568935
"PDAC_60T",-0.917475346160848,-0.649060814201882,-0.385171801229085,-0.310530054157131,-0.692760486802042,-0.249249292806108,-1.20275438922158,-0.45316863619389,-0.741567156550349,-0.640849468323057,0.358537833919667
"PDAC_61T",-0.616453730313842,-0.505860631159,-0.232509888682152,0.0283153822254272,0.0658021139878164,-0.614534945365199,-0.472361989744056,-0.381663646446696,0.19265936493451,0.190614671603783,-0.071327721833299
"PDAC_62T",-0.373294060513503,-0.113726256994832,-0.287493816976301,1.34049621291753,-0.321107531145546,-0.905406369012872,-0.485013311898143,0.415186043983808,-0.469265637230304,0.395040049567225,-0.881876825668531
"PDAC_63T",-0.447546834069122,0.811656390851681,1.94268079631477,-0.283106864738144,-0.399499175621234,-0.542091740319867,0.167421277052688,-0.75243617140815,-0.284619677758901,-0.676934407782942,1.69734498713975
"PDAC_64T",0.153798915603234,-0.632302934964097,-0.379772140676256,-0.46793164821954,-0.292979743637285,-0.503446747797914,-0.432057194120309,0.47392228556186,0.252133609252951,-0.283692486134055,1.09465892556765
"PDAC_65T",-0.321491489529984,0.596711235487032,-0.365779327911254,-0.324053818802112,0.521061727977546,-0.610851392566284,-1.05303382762516,-0.741423126112266,0.958611255794244,0.563883998853943,-0.758437675553507
"PDAC_66T",-0.591664056794099,-0.522377042396241,-0.375424859040527,-0.571238183702027,-0.985189614920476,-0.379433803567769,1.36326081551062,-0.119585090275061,0.732913216861658,0.183901194494967,1.1898903289555
"PDAC_67T",-0.321491489529984,-0.527544457607892,-0.350835547288436,0.130494937320833,4.24890897419079,-0.385185315832742,0.276047754973552,0.32037808882793,0.169039391566663,-0.526216846690027,0.133545099928723
"PDAC_68T",1.91002958438586,-0.624295856066043,-0.342854688264393,-0.460042785509968,0.338647200705035,0.0537390808379968,0.151720690986238,-0.602962013153135,0.785987438456176,-0.334043564450174,0.409400060729087
"PDAC_69T",-0.639325328274026,-0.451037736315388,-0.35537034371303,-0.405196406671993,-0.235614591204263,-1.14199385667653,0.91827270423271,-0.259722101431392,-0.418100814680492,-0.336393281438259,-0.985979216543019
"PDAC_70T",-0.648508841559183,1.00285075368278,-0.264986302063854,-0.190318812868419,-0.251481548260205,1.57330154599049,-0.100448324068005,-0.691225984872327,0.809006304717357,-0.246768362035568,0.129643574132031
"PDAC_71T",-0.748190647154398,4.3590531281302,3.21892558349256,-0.193699754029664,-0.897754914500318,0.43986588739095,1.26495754390759,-0.809895538169288,-1.06082574867354,-0.282349790712292,-0.110385697235942
"PDAC_72T",0.0525768372101923,-0.381775055039217,-0.298291224665745,-0.000234787580642095,-1.03506511979213,0.863603706732828,-0.190790575177308,-0.993605902452816,-0.459966156697754,-0.871793080866321,-0.997114228123357
"PDAC_73T",0.0202311084558268,-0.396736412352952,-0.315221131317563,-0.309778733899077,0.272738302164967,-0.766594589853752,-1.21881838849173,0.563143913393738,-0.875048293471939,-0.874142797854407,-1.20165954954478
"PDAC_74T",-0.596749863202018,-0.610223100994312,-0.387494688511557,-0.286487805899389,-0.567267280995952,-0.795287527445302,-1.13141751299994,-0.145362000641516,1.70377191261162,-0.611813679827429,-1.18603920721277
"PDAC_75T",-0.205055584539539,0.443166563300826,-0.323745400546072,-0.180551649513711,-0.322161629691221,-0.249249292806108,-0.956973496888764,0.805111691198975,-0.0693879743306308,0.544750589093817,-0.918571102960769
"PDAC_76T",0.716376289571795,-0.30069010045639,0.458191269021263,-0.103541323063129,-0.804772326997663,0.177170411468313,1.21902552195767,-0.929203528874707,0.00430068509840084,0.469056134691919,1.37660824053219
"PDAC_77T",-0.815991712009685,2.05461775301426,3.46846567231528,-0.33645060306001,-0.620471518117102,1.19357248903565,-0.315594618994489,-0.735677189436152,-0.67169729521073,-0.170402559922788,-0.914584142292618
"PDAC_78T",0.697776768994263,0.385581274530985,-0.221031304820911,0.0110350162901747,-0.951791334683842,1.00435419789138,-0.149060518395267,0.219744392319881,0.387983815359641,-0.696739165253949,-0.11934211959404
"PDAC_79T",-0.383640043834756,0.136424932849198,0.248193839654516,-0.113308486417837,-0.486711960558091,2.26897603511895,1.75251610500112,-0.242165072698822,-0.55345599140522,-0.732320593930673,0.35499228675406
"PDAC_80T",-0.321491489529984,-0.669102658247071,-0.305824344295968,-0.332694001769738,-0.672011389113502,-1.13650083934482,-0.750719468790512,0.808383682917317,0.987959426296209,-0.282349790712292,1.45372745117044
"PDAC_81T",-0.321491489529984,-0.376646274707653,0.10225949851217,-0.354482289253317,0.188854249477607,-0.934874791404194,-0.778770425451728,-0.0386631487531252,-0.466224742455402,-0.342603247763914,-0.718098177078958
"PDAC_82T",0.579262948814296,-0.243722969767943,-0.283804750517812,0.00089219280643967,-0.000772531002151345,-0.981856245523691,-0.365194842969332,1.29176060579539,0.199236183866276,-0.232670060107055,0.202790063247371
"PDAC_83T",-0.241150279160313,-0.461015194097885,-0.277308702474987,-0.304519492092696,0.877402515286349,-0.800780544777017,-0.368618876748019,0.816523759875145,0.237141290827851,-0.197088631430331,0.668509786723215
"PDAC_84T",-0.821891247442871,-0.55399003302752,0.17304441789252,-0.286487805899389,-0.353007881869906,-0.299494245457978,-1.44425949807951,-0.817716396422888,-1.00587748727588,0.354255676131169,-0.936469708531722
"PDAC_85T",0.940122709769334,-0.490638488404678,-0.236380729680866,5.09860014370591,2.70360050623199,-0.538666682454209,-0.444095256493138,1.58823497734765,1.63680150908063,-0.870282548516838,-0.233098650943552
"PDAC_86T",-0.321491489529984,-0.207850483607059,0.272002477591741,-0.215488041513243,0.511408404454001,-0.66442446748384,0.717486909184003,1.27907166230231,1.34303693012842,1.62092096963699,1.50009010808295
"PDAC_87T",-0.634675448129643,-0.575953962357044,-0.386763763518225,-0.507375961767398,-0.699362472430214,0.688602636917698,-1.36517169962254,-0.857060101719056,-0.811118784715851,-0.620541200068889,-1.46102558015329
"PDAC_88T",-0.300261880495785,-0.471823301802254,0.00834137711775121,-0.324805139060166,-0.475727144134747,0.0263386179127326,1.59746926863786,0.0669184376704657,-0.0974278528945569,0.165103458590283,-0.17451880741221
"PDAC_89T",0.984587188649998,-0.562219262486075,-0.377332535004798,-0.398058864220475,-0.0191360372452174,-0.386090048099142,0.18369537458124,0.711660415536068,1.45975778654648,-0.501712655242849,2.92362017550125
"PDAC_90T",-0.908349956377496,-0.618162568852214,-0.329160368428604,0.0132889770643381,-1.00532844502994,-0.858683409826632,-1.06856974208368,-0.765843356985749,-1.1512746886061,-0.907038835687605,-1.533374677135
"PDAC_91T",-0.910558649446078,0.157055958815716,-0.305173782783579,-0.286487805899389,0.347468341166205,-0.372260569169881,-0.170882345611675,0.170265493164457,-0.447519703665595,-0.765887979474752,-0.826173289476355
"PDAC_92T",0.558832537929912,-0.165883345112434,-0.347305294375619,-0.144488277127097,0.44133859060206,0.328777689823666,0.669658324577237,1.36829329013418,0.112888915955674,-0.433906536443809,0.699878623694422
"PDAC_93T",-0.415956710838219,0.0365634265440347,-0.325817630304652,-0.307524773124914,0.283001893267587,0.643236776131059,-0.246114557110553,0.194605919361884,0.414998275918076,-0.413430431261921,1.62898285082619
"PDAC_94T",-0.42798827571181,-0.445841344943671,-0.31579132934901,-0.535926131573468,-0.203603282738253,0.0143186035162727,-1.05389125565266,-0.516613353659313,-0.293353410426354,3.45067915564475,-0.086435454936545
"PDAC_95T",0.365252215169059,-0.256424186596581,-0.181670419905163,-0.00737233003215935,0.293653836465981,-1.01106617298176,0.215925583085099,0.123420148318918,-0.123629050896914,-0.102428604196028,-0.836254604308681
"PDAC_96T",-0.321491489529984,0.0391905983899583,-0.307355077266295,-0.374016615962733,-0.853815648806939,0.488269063643363,-0.844451683690653,-0.388846067291838,-0.628205428081311,-0.0712109356400344,-0.52702308705779
"PDAC_97T",0.0123263122103753,-0.362061607474768,-0.351281373266043,-0.208350499061726,1.04400556437374,-0.842010486631542,0.125486800343562,0.477194277280202,0.60583210266399,1.17816715431059,-0.299054371710976
"PDAC_98T",0.221599980458521,0.136482885169329,-0.278627046245681,0.325838204414991,-0.621692053275251,-0.101551750316271,3.12658142822132,2.86965866079709,3.24787463267227,-0.237873004866387,-0.724064378935942
"PDAC_99T",-0.49326096823859,0.116122303363421,-0.375664036067141,-0.132467152998226,-0.786852651721196,-0.0594816999286603,-0.620640255188256,-0.290686315741561,0.103730872389398,-0.108302896666242,-0.805241745968559
"PDAC_100T",-0.321491489529984,-0.52780524304848,-0.223960745042875,-0.421349792220163,-0.584299294339219,-0.546227659251982,-0.563766088807943,-0.61006462932222,-0.553385272922083,-0.282349790712292,-0.433357989646713
"PDAC_101T",-0.519852470314281,-0.576794270998938,-0.379203856061022,2.96522627096029,-0.00410126325164974,-1.08409099162692,-0.438405568522584,3.207551659223,2.72187055509728,5.06342419411003,-0.671450737261584
"PDAC_102T",-0.479776315819878,0.829013110730817,0.467354619264884,-0.319545897253785,-0.917671829126483,0.992334183494918,0.497514032645772,0.15207002702343,2.36035766929957,0.362647522517188,-1.14158459576288
"PDAC_103T",-0.742087679464895,-0.542950116042628,-0.354101748763871,-0.449148641768178,-0.947463982759494,1.78992030006003,-0.430177666457381,-0.735916603464323,-0.76921808345702,-0.282349790712292,-0.658478875944848
"PDAC_104T",-0.321491489529984,3.29391846028858,-0.147600130818108,2.58280425961057,-0.859030662664486,-0.554241002182956,-0.791756769152984,0.370415620715754,-0.272385380176154,0.089744678043825,-1.15286199879565
"PDAC_105T",-0.32217444067619,-0.668503817605721,-0.394304536813299,-0.430741295445844,-1.05525942877242,-0.70513741947185,-0.123757874087093,-0.273767724417448,6.09454109363822,-0.286210040049861,0.561160870733232
"PDAC_106T",-0.321491489529984,-0.105825424017018,-0.320563389384005,-0.399937164865612,0.465693814894223,0.550630966291664,0.368729478581725,-0.141212157486545,-0.554375331686005,-0.282349790712292,-0.314945257802608
"PDAC_107T",-0.808580965529575,-0.0986200188807713,-0.37625528167693,-0.286487805899389,2.118464855641,-0.249249292806108,0.815017927729155,-0.303135845206474,0.114656878034105,-0.743733505015659,-0.00723732909276094
"PDAC_108T",-0.155272805243736,-0.388652063694723,0.299699177273596,-0.337201923318065,1.5430934863152,-0.203140259086353,-0.253723521063191,-0.438564380475434,-0.603524677466405,-0.577071435789307,-0.181439032000502
"PDAC_109T",-0.628223739429312,-0.0219973929480058,-0.262374488933233,-0.40143980538172,0.131267181561285,-0.57879802084239,-0.42398260700042,-0.307604907065674,-0.473013716836579,0.551128392347193,-0.0519624843022765
"PDAC_110T",0.260164923905999,-0.612009964198341,-0.307355077266295,-0.498360118670745,2.1722238814704,0.182211062666829,-0.380282169254525,-0.441836372193777,-0.126882101121228,-0.830505196647104,-0.554718224556201
"PDAC_111T",-0.321491489529984,-0.299482760453668,-0.378226100376226,-0.321799858027948,-0.310011756980552,0.172452878936369,-0.610038810636334,-0.496103551912629,-0.356929326766756,-0.76521663176387,0.262181538057587
"PDAC_112T",-0.363558373961201,-0.556481982793139,-0.370622184346126,-0.458915805122886,-0.73858603410347,0.299890881032173,-0.743899792889678,-0.639273140759132,-0.864016210102526,-0.563308807716234,-1.09220324005877
"PDAC_113T",0.067863318184852,-0.414363576392696,0.411978440647088,-0.281228564093008,0.367329776921546,-0.624422376562287,-0.405488281930464,-0.458036721433375,-0.62873581670484,-0.25163563293946,-1.01777522787153
"PDAC_114T",0.167283568021945,-0.625860568709571,-0.320391181924843,-0.319170237124758,0.378924860923965,-1.1423169753431,1.00542373314695,0.0215893816700125,-0.896723508553512,-0.567169057053803,-1.06653006118493
"PDAC_115T",-0.12923347643519,-0.296816953727657,-0.308311785372749,-0.286487805899389,-0.445102807439362,0.0267909840459328,2.64002225343799,-1.01012547039664,-0.775335232248394,-0.282349790712292,0.460048700359857
"PDAC_116T",0.449008181269762,0.394892280631979,0.329112211298431,-0.314662315576431,1.28023459634648,-0.984505818589578,0.854465295325404,-0.0693081443590654,1.2095911524484,1.70668563970212,-0.863294741125895
"PDAC_117T",-0.551355408292477,-0.337393236539147,-0.402134235956522,2.05913403974662,2.34903504278959,-0.249249292806108,0.42983968011776,-0.00442694272461385,0.885311548022467,-0.0911835300387615,-0.486783262599945
"PDAC_118T",0.151822716541871,1.76988834549226,5.38751689597116,-0.455159203832614,2.47663644568703,-0.196160895888409,0.529534142891237,0.609590234858991,0.0868645141611596,-0.574721718801221,0.828016691739768
"PDAC_119T",-0.209443908925801,-0.617969394451778,-0.264678242053575,0.260097681835226,0.348577918582705,0.312427885295147,0.542287675008867,1.73587362805335,-0.632731411002096,0.0665831820184105,1.73996274885324
"PDAC_120T",-0.347312855206762,-0.499823931145389,-0.282262537050208,-0.239154629641958,-0.7271019078427,-0.13444523057325,-0.778543292199411,0.712777681000868,-0.498224856075015,-0.117701764618584,-0.228542124465665
"PDAC_121T",0.977350812675302,-0.352528450813273,0.467823406237046,-0.361995491833862,1.17260558694603,-0.526840539257691,0.117207793296587,0.430269127758606,-0.086431128766712,-0.728796018448544,1.17015487364815
"PDAC_122T",-0.746505065602059,4.20537323386369,0.0756898009797173,-0.345090786027636,1.73726953420261,-0.761360067455293,-0.309870861036087,2.21095086462148,-0.167686665891431,0.208069712086704,-0.826771333576578
"PDAC_123T",3.32245973999316,-0.62286636550282,-0.220853357113111,-0.407074707317129,3.21744580781289,-0.251414187872137,1.65434911334948,-0.222533122388767,-0.626508184486016,-0.341428389269871,1.02484439643927
"PDAC_124T",-0.321491489529984,-0.0676058688908419,-0.331469861797585,-0.111805845901728,0.207051319108198,-0.249249292806108,1.01774571208518,-0.97509121760756,1.60306879262415,1.20283918268549,-1.04417460315279
"PDAC_125T",-0.062827375623218,-0.607576611708345,-0.344316538251055,-0.189943152739392,-0.112839850068597,-0.164818385230972,-0.535062124046314,-0.587001077941707,-0.790115395224082,-0.327162250413638,-0.800685219490671
"PDAC_126T",1.64443424288888,-0.488977188560932,-0.139322692281064,-0.46793164821954,0.964781736835682,-0.746108866393118,0.669277876379604,0.756430838804122,-0.342149163791068,-0.380702230356444,3.13270778425532
"PDAC_127T",7.74042711217524,-0.36174286971405,-0.242905478966886,-0.136223754288498,-0.888878295168322,1.52463987480482,2.2597103357575,-0.804229406169232,0.271475114390994,-0.282349790712292,0.0574083903122693
"PDAC_128T",1.09179598772893,-0.568091764259316,-0.34154399815855,-0.231641427061414,1.41748932276746,-0.454785076612245,0.820809825663253,0.212162948094453,0.846628537746382,-0.684822743385801,-0.233554303591341
"PDAC_129T",-0.742465482226626,1.50508487737519,0.997453187137793,0.0902993035149196,0.419258000013721,-0.633663570426233,-0.125802073357951,1.40795621413458,-0.156159553140057,0.386480366253485,-0.131459632196172
"PDAC_130T",0.671272452171278,-0.430387392908826,-0.253909535607324,2.22630279716373,0.938040921098045,-1.02405554337793,0.12763888790927,3.91717483872305,-0.719609067536228,1.7838906264535,0.274156659207286
"PDAC_131T",-0.860543376143057,-0.0895408220602999,-0.18138532088944,0.30705519796363,-0.966881587548234,0.150997799476021,-0.666299717235389,-0.717401918619068,-0.471068958550305,-0.753803720678883,-0.628334605464572
"PDAC_132T",-0.542055648003711,0.213066876222007,-0.0228855754769214,0.730424163377314,1.57688011864761,0.381446032474822,-0.533767464508104,1.94440324659065,0.689881019872631,0.346870851311471,0.764794886859077
"PDAC_133T",-0.321491489529984,-0.606021557784839,-0.375819022780387,-0.236149348609741,-1.03733975349595,-0.878135153554237,4.48760362442719,-0.90877353180408,5.32876599898633,-0.740544603388972,2.34209348376085
"PDAC_134T",0.771593616286346,-0.584666127816687,-0.200858157688213,-0.319170237124758,-0.857199859927262,2.68495900646311,0.0920982122528829,-0.181274104867227,-0.473614823943246,-0.828155479659019,0.687419371606448
"PDAC_135T",-0.0634667341430706,-0.526491657125518,-0.335111092850751,-0.273715361512463,-0.978698587033954,-0.586682116306735,-0.341362886469914,0.00866102414875644,-0.280977675877332,-0.282349790712292,0.0196888945625061
"PDAC_136T",-0.321491489529984,-0.461266320818451,-0.23089687881467,0.352510073575924,2.69993890075754,-1.15317376253991,0.379257104826643,1.93003840490037,-0.0925482775580856,-0.189368132755193,-0.849909944597101
"PDAC_137T",-0.321491489529984,-0.443503934698401,-0.169260002348236,-0.524280667573624,5.4192357542436,-0.876971926354579,-1.07403229680192,-0.685719462224385,-1.23125729303435,-0.911234758880614,-1.33680327704988
"PDAC_138T",-0.151116974864694,-0.476981058293884,-0.345024502249831,1.51104591149589,2.72434960392053,-0.270284317999913,-0.25576204200274,0.847248560157142,-0.095589172332988,0.791470872842799,0.168943615003812
"PDAC_139T",0.246011851216533,-0.0392092320268144,0.418336722722584,-0.416090550413782,-0.0523124019985514,-0.921691549808076,0.110155305812128,0.707510572381097,1.89301457348695,0.213104819918316,0.0973349535747595
"PDAC_140T",-0.321491489529984,-0.589582416307773,-0.401483674444133,0.609837261959574,-1.05598065409314,-0.241526756675049,-1.19107406172115,-0.0907756022184352,-0.317892724074985,-0.623730101695577,-1.54543523315616
"PDAC_141T",0.507073559572747,-0.417174263919034,-0.108788396355465,-0.287239126157443,0.147245096358877,-0.965894183395059,-0.220777842814531,-0.263472921206078,-0.0542895781808244,0.0296590579199234,0.154519360872249
"PDAC_142T",-0.321491489529984,-0.524907627041947,-0.371844857306175,-0.330815701124602,-0.725104668493001,-0.719871630667511,-0.802539920306759,-0.428748405320407,-0.920025248747241,0.665593177052502,-0.488036307381364
"PDAC_143T",-0.321491489529984,-0.0405711115498851,-0.370432756141048,-0.297006289512151,-1.02829669755148,0.170772661870197,-1.1883257493681,-0.273767724417448,-0.907684873439788,-0.282349790712292,-1.20568922764866
"PDAC_144T",-0.432667217607096,-0.597599153925848,-0.224234363561321,-0.357111910156508,-0.291315377512536,-0.56496854191313,-0.806951983733027,-0.273767724417448,-0.836471360920561,-0.622051732418373,0.698511665751056
"PDAC_145T",-0.638220981739735,-0.619678987895633,-0.364996740680174,-0.467555988090512,-0.635117940014895,2.25546967485626,-0.0738283068963895,-0.979719888818874,3.25583046202521,-0.15848613805464,-0.224925381573842
"PDAC_146T",-0.533046505223968,-0.55339119238617,-0.264586398075356,-0.464550707058295,-0.788350581233471,0.505975966571481,-0.347733974197421,-1.00509777580504,-0.936467296076655,-0.184333024923581,-0.105971562210488
"PDAC_147T",0.562494318543614,0.0312028369319478,-0.240609379511395,-0.244038211319312,-0.308014517630853,-0.314228456653638,-0.539565040773509,-0.0221435808092981,-0.61010149639817,0.189943323892901,-0.13165898022958
"PDAC_148T",0.233864039339332,-0.550281084539158,0.29132798134212,-0.286487805899389,-0.918393054447208,-0.0447474887329994,0.689753939076031,-1.01890398476293,-0.797646913678201,-0.282349790712292,0.157295994194712
"PDAC_149T",-0.87272024977116,-0.641874726505679,-0.335252685650506,-0.271837060867327,-0.648821221108663,-1.20383876945832,-1.69901783221017,-0.948596065156591,-1.28981219707201,-0.872296591649483,-1.39536888143598
"PDAC_150T",-0.840112965258673,0.393346885428495,0.648614450529953,-0.286487805899389,0.218147093273193,-0.951806209532541,-1.28099043798235,-0.809496514789003,-1.11057620156061,-0.00793641388944515,-1.29348779721946
"PDAC_151T",-0.323830960477627,-0.151028233718939,-0.328465798343318,0.0884210028697835,-0.968878826897933,-0.107044767647986,0.313428209973712,-0.38238188853121,0.891428696813841,-0.585631119103047,0.0165847608994451
"PDAC_152T",1.31365339411782,-0.511105316130826,-0.270898758161742,-0.407450367446156,0.957236610403486,-0.466352724875505,0.494828181937117,0.112008079642748,0.363338423986303,-0.282349790712292,-0.735726238890286
"PDAC_153T",0.39960320473569,-0.0403972545894931,-0.375698477558973,-0.286487805899389,-0.656754699636634,-0.922337787141219,-0.349687320167352,-0.444629535855777,-0.499674584979329,0.263791572089875,-0.494913814533926
"PDAC_154T",-0.119904654395522,-0.354991424418827,-0.372447583413241,-0.247419152480557,0.9266122737081,-0.354941408641648,0.470087692428428,0.902633005340795,0.177596328026272,-0.93489976568919,0.930965711849541
"PDAC_155T",1.001559251177,0.762348625140504,1.27438574246452,-0.117816407966164,0.573489260907146,-0.511653961928831,0.303167465300267,3.77193032829907,0.348098590870222,-0.146066205403331,-0.35814682447108
"PDAC_156T",-0.758507568724748,-0.598671271848266,-0.387900332748693,-0.543063674024985,-0.899086407400117,-1.14625902307528,-1.20766614580294,-0.912284937550594,-1.14116194551747,-0.282349790712292,-0.977065511620652
"PDAC_157T",-0.14100348555066,-0.49559341177585,-0.149146171118138,-0.272212720996354,-0.64410551708854,0.627016219069169,-1.0024171823462,-0.273767724417448,-0.443842342542457,-0.841246760021209,-0.524246453735327
"PDAC_158T",-0.893499401666373,-0.543616567724131,-0.390749409489714,-0.226006525126005,-0.873288732466505,0.00365568751941273,-1.34899981205753,-0.444629535855777,-0.639060715242881,-0.780489792186426,0.662315758542337
"PDAC_159T",-0.321491489529984,1.34126332708582,-0.315915701402849,0.0087810555160114,-0.608543560889732,2.36164646869166,-0.643813525255953,-0.962402274114476,0.172327801032546,0.258924301185984,-0.215456349986981
"PDAC_160T",-0.321491489529984,-0.590026717428774,-0.406674772629755,1.31532698427271,-0.908628773182013,-1.02198758391187,-0.742639203339315,-0.877649708141797,-0.678274114142495,0.941852760080273,-1.3502307910144
"PDAC_161T",0.128398945314541,-0.583545716294161,-0.384982373024007,2.1526734118744,-0.59267660383379,4.45203037020938,-0.40662962652336,-0.451891761376976,0.350609097021595,1.62914497909529,0.701843625738012
"PDAC_162T",-0.321491489529984,0.632371229807437,-0.358098875232638,-0.39204830215604,-0.577253477744448,1.38615121431227,0.448067123616243,-1.00876879090367,-0.631493837547194,-0.282349790712292,1.6652072363254
"PDAC_163T",-0.321491489529984,-0.419009420723172,-0.30829265121062,0.238685054480674,-0.878281830840752,4.97186368098963,-0.470363217123662,0.00235645474024268,1.21012154107193,-0.687508134229327,0.0960676696480972
"PDAC_164T",-0.321491489529984,-0.188726217963939,-0.268040114339656,-0.542688013895958,-0.730486118963024,2.13223221542589,-0.475536176945194,-0.273767724417448,-0.523577432279725,-0.282349790712292,0.614472230524516
"PDAC_165T",4.44046529720829,-0.458223824011591,-0.198525703324677,-0.285736485641334,0.031904523913758,1.36825044018421,0.0286939648684411,-0.874856544479797,1.46647604244452,-0.504565883014096,0.602440152793845
"PDAC_166T",-0.895998712243979,0.0448119734426331,-0.360037165856314,0.0166699182255831,-0.616033208451104,0.185054506932658,-0.395102613968244,-0.762810779295578,0.035346099195661,0.0363725350287393,-1.27195820961144
"PDAC_167T",-0.780100449645228,-0.0838711534075161,-0.342303624395075,-0.293249688221879,0.548579247906733,-0.693763642408533,-0.173522769669866,-0.178640550557342,-0.277441751720469,-0.0131393586487774,0.0262531405197128
"PDAC_168T",-0.321491489529984,2.78767596778713,1.60431610005639,-0.35673625002748,-0.29203660283326,-0.495433404866941,-0.268555322439526,0.474879941674546,0.191315713754902,-0.483250593193606,-0.609923390664858
"PDAC_169T",1.15613870422684,2.040313188662,0.454999690778131,-0.198583335707018,-0.256696562117753,-0.972744299126375,-0.43896772332207,-0.932714934621221,1.19470491174801,-0.895458087674897,-0.771338341144026
"PDAC_170T",-0.598580753508869,0.491547091889913,-0.290915005164982,-0.309778733899077,-0.874287352141354,1.80782107418809,1.58063301630982,-0.912604156254823,2.22224447173249,-0.282349790712292,0.775730550406008
"PDAC_171T",0.19779840646946,-0.296053914845937,-0.327350276691192,0.0579925324185781,-0.584798604176644,0.860372520067113,-0.521746437129198,-0.273767724417448,-0.420823476281277,-0.553406428980731,-0.967496806017088
"PDAC_172T",1.31763485399144,-0.662109744951304,-0.335639195725513,-0.286487805899389,0.927555414512125,-0.951676962065912,0.152680328977279,-0.879644825043225,0.0271427551517381,-0.910395574242012,-0.364312374361472
"PDAC_173T",0.813471599336697,-0.620944280218486,-0.352597803620525,-0.478825791961329,-0.969378136735358,0.462871936450842,2.09034274783561,-0.46904976672926,-0.677955880968378,-0.282349790712292,-0.660173334228812
"PDAC_174T",-0.681552052335206,-0.367055165726028,-0.31206208115005,-0.408577347833238,-0.959946728695113,2.49205716251992,0.0238276349375376,-0.226363746839509,-0.328995525927536,-0.809189906826614,-0.380445325922243
"PDAC_175T",0.160250624303566,-0.273346264074737,0.318506145230278,-0.0558324866766716,-0.164601636548297,-0.691049445609333,1.94447777319729,5.0622921354669,1.01865124797778,1.11002536165611,0.540684979873224
"PDAC_176T",-0.73583940302088,-0.596256591842821,-0.356713561894492,-0.519772746025297,-0.311509686492826,-0.86346556609189,-1.45766603829755,-0.867275100254369,-1.27913370611828,-0.842421618515252,-1.5924671298951
"PDAC_177T",-0.657866725349754,-0.489981695443197,-0.393097171182954,-0.286487805899389,-0.43905561051944,-0.647945415488693,-1.05577646164689,-0.513660580645199,-0.878867091561352,-0.611142332116547,-0.193513827166904
"PDAC_178T",-0.420810023238919,-0.231833085421134,-0.241782303649908,0.228166570867912,-0.800555932814965,0.137103696813446,0.975958871990057,-0.897600877156081,-0.792625901375456,-0.79911969116339,-0.00322189013412248
"PDAC_179T",0.241507279826662,-0.282241945214794,-0.36081018600633,-0.393175282543121,-0.902248703037141,0.700364156380902,1.77964717199045,-0.260360538839849,-0.158104311426332,-0.490467581085583,0.395232111211905
"PDAC_180T",-0.951390409463943,3.87121049727023,-0.189230327362366,0.0192995391287737,-0.400719710779383,0.128056374149444,-0.612838227971148,-0.902788181099795,-0.556320089972279,-0.792741887910015,-0.970757570277826
"PDAC_181T",-0.65368183321981,1.1438970421608,9.57258867225074,-0.238778969512931,-0.221689394627195,0.461773332984499,-0.489323165360869,-0.276401278727334,-0.996471929018626,-0.282349790712292,0.866761405947056
"PDAC_182T",-0.616366545061134,-0.635248844570739,-0.109875216764397,-0.286487805899389,-0.326988291452994,-0.589848679239136,-0.619862323799068,-0.273767724417448,-0.373831044236563,-0.282349790712292,0.199657451293823
"PDAC_183T",-0.321491489529984,-0.650809042525824,-0.362610710662677,-0.286487805899389,-1.06041896375914,-0.249249292806108,0.174059246351668,-0.684682001435642,1.2629128887339,-0.696403491398508,0.150048269265822
"PDAC_184T",-0.934127729427921,1.36253182857377,-0.39739661741336,9.63206658080648,0.60766424533533,1.18400817650514,0.276615588104346,1.24012698038642,-0.790822580055455,2.51968771757971,-0.235462349053957
"PDAC_185T",-0.379019225441275,-0.541520625479405,-0.377925694030799,-0.250048773383748,2.14803509379071,-0.843432208764457,1.00169874780894,0.158294791755887,-0.562225083314241,-0.26472691330165,-0.144573884965342
"PDAC_186T",-0.325167801019137,-0.643690565869773,-0.355726239128631,-0.350725687963045,-0.59334235028369,1.52716020040408,0.0682265074343092,0.0594167981210951,-0.206086802234967,1.01670802984357,-0.0444157373232753
"PDAC_187T",-0.460363066217078,-0.510004222048343,-0.202553444452851,-0.118943388353246,-0.824633762753003,-0.0406115698008842,-0.007891523748607,-0.812608897155231,-0.624704863166016,-0.384226805838572,-0.682742379439599
"PDAC_188T",-0.452574516975237,-0.500963660107959,-0.00531084756135351,-0.407826027575183,-0.412647668006752,2.52546763264342,-0.158219666794972,0.71413436049384,-0.902663861137042,-0.792406214054574,0.210692788857457
"PDAC_189T",-0.0685234788000874,0.541395745922309,0.193125721046999,-0.417593190929891,0.116842675146792,-0.0136634730088203,-0.630980496500012,-0.451811956700919,-0.43316385158873,-0.673241995373093,0.0563404544190146
"PDAC_190T",1.33745496810688,-0.601298443694189,0.309960828423427,-0.432243935961953,-0.619084546346477,0.657324749993576,1.02849479325111,-0.997835550283844,-0.697262026864852,-0.282349790712292,-0.845723635895541
"PDAC_191T",-0.742988593742869,-0.43187483579218,-0.114387052194436,-0.416090550413782,-0.0749477812951405,-1.08169991349429,1.61082470387413,-0.826175692084944,-0.871795243247625,0.00834376809943311,0.0614523075613948
"PDAC_192T",-0.0371077260745985,0.134328990604472,-0.365980236613609,1.68986013291285,-0.970210319797733,-0.322564918251183,-0.477057969735722,0.576391489619223,0.503042787423973,1.02963147327804,-0.324371571953739
"PDAC_193T",-0.320808538383778,4.21260761516,2.89613035495862,0.596689157443621,-0.777587680293426,0.556382478556637,0.500727968166065,0.138503232093717,1.38592769015118,0.262448876668112,-0.894193686304071
"PDAC_194T",1.00606382256687,-0.0744539013862825,-0.251563687330298,-0.230138786545305,0.0497132414485742,0.267966756774907,0.49999546342734,0.949398545510277,-0.262272637087525,-0.74390134194338,1.826237729883
"PDAC_195T",-0.842961016847108,2.10385790768528,-0.266635666839381,1.07565582195334,0.89737490878334,-1.28429531743462,-0.541700093345294,-0.828968855746944,-0.423192545466375,0.170977751060496,0.185774284681509
"PDAC_196T",-0.611891035422166,-0.274457016877241,-0.156420979559618,-0.189943152739392,-0.788350581233471,-0.181749803359319,-1.33441785725875,-0.489000935743544,-0.981691766042938,0.404103243664126,-0.914726533745052
"PDAC_197T",-0.292182713744919,-0.557689322795861,-0.359949148710521,-0.357863230414562,0.215040276506994,-0.280624115330201,-0.496937807644814,0.260364972432964,-0.603065007326013,-0.593519454705906,0.465245988373697
"PDAC_198T",-0.779025164861839,-0.112403012351849,-0.297699979055957,-0.506248981380317,0.0589227340055198,-0.395395865696401,-0.573680455271604,-0.454924339067147,-0.677920521726809,-0.174262809260357,-1.11508554646492
"PDAC_199T",-0.719245143255613,-0.464328135065354,-0.225185331419137,-0.369884354543433,-0.648488347883713,-0.58900857070605,-0.802608060282454,-0.889380995522196,-0.937351277115871,-0.282349790712292,-0.611874153563203
"PDAC_200T",-0.810266547081913,0.115533121442092,-0.383361709491673,-0.423979413123354,-0.73769837217027,-0.247084397740079,-0.501327157745851,-0.00570381754152807,0.18000075645294,0.509672671200255,1.43648384628068
"PDAC_201T",0.503818643471678,-0.530722176495057,0.237589687002575,-0.389418681252849,-0.30385360231898,-0.469454664074591,-0.722872932056381,1.11826524004718,0.0568091588278213,-0.857191268154647,-0.215470589132225
"PDAC_202T",0.770024281737616,-0.625599783268983,-0.370291163341293,0.139510780417486,-0.995453206023096,1.42214663376834,-0.125467051810783,2.58707030287877,1.07550890842015,1.64559299801189,0.772840003921598
"PDAC_203T",0.498820022316467,-0.627357670312947,-0.390655652095282,-0.526910288476814,-0.0274578678689635,-0.629786146427374,-0.277527085906069,-0.528105227011541,0.335121749214534,-0.751286166763077,-0.050766396101831
"PDAC_204T",-0.695559816270161,-0.625300362948308,-0.401022541136822,-0.286487805899389,-0.612094208622531,-1.13320502894579,-1.14488651486237,-0.0446484994574104,-0.877523440381744,-0.867261483817871,-1.33270240321978
"PDAC_205T",-0.321491489529984,-0.381929594559566,-0.399977815884574,1.4449297287871,-0.798447735723616,-0.257876561203567,-0.687769487910705,-0.0985964604720345,-0.541610645479728,-0.659479367300021,-1.36175025951631
"PDAC_206T",-0.566176901252698,-0.642772987467704,-0.3530091881063,-0.474317870413002,-0.154504482058152,0.0441101445741656,-0.0916809805285482,-0.522758313715713,-0.727069867507209,-0.651758868624883,1.09584077462286
"PDAC_207T",-0.496428699086951,-0.597753693446197,-0.19337670029574,-0.231641427061414,-0.562496098105005,0.236624246117471,0.168017501840021,-1.0124398060023,-0.294272750707138,-0.0769173911825278,0.902757965122368
"PDAC_208T",-0.321491489529984,-0.0400398819486872,-0.182060756812597,-0.286487805899389,-0.827629621777552,1.73660572007573,-0.486830377916684,-1.00469875242476,-0.939083879952734,-0.767566348751956,0.509558208371154
"PDAC_209T",1.26384155307111,-0.675496730901489,-0.404631244114368,-0.286487805899389,-0.960889869499137,-1.19369284332797,-0.247369468329607,-0.271134170107563,0.601200042018499,-0.76504879483615,2.4678393754053
"PDAC_210T",0.20047208755248,-0.620306804697049,-0.361883612501771,-0.565978941895646,-0.0916469214134574,-0.399790279561774,-1.01421107647278,-0.650525600083188,-1.06620035339197,-0.86675797303471,-0.991190743702103
"PDAC_211T",-0.53258151720953,0.610523205118175,-0.123686254989173,-0.292498367963825,-0.856478634606538,1.05404984881008,-0.458932736200782,-0.660740598618501,-0.172389445020059,0.20202758268877,-0.669813235558593
"PDAC_212T",1.21060042541792,0.0648538174878226,1.00738190386658,-0.530291229638059,-0.153616820124952,-0.828374878902224,-0.149253581659737,0.486930447759173,-0.385853186369898,-0.783846530740834,-0.24058844134158
"PDAC_213T",-0.699221596883862,3.39425324387481,-0.311086238881467,-0.322551178286003,-0.298472151848957,1.47785229188527,-0.525976793953612,-0.273767724417448,0.285724888743153,-0.84141459694893,0.268660349143334
"PDAC_214T",0.73936413453559,-0.636823215934289,-0.35052940069437,-0.286487805899389,-0.948074250338568,-0.125914897775763,-0.139872978339023,-0.273767724417448,-0.44971197664285,0.281917960283678,-0.214345696657996
"PDAC_215T",0.358364580205192,-0.63601188345246,-0.374001277378123,-0.286487805899389,0.0616411986759435,-0.896682165015441,-0.671075193865366,-0.750042031126436,-0.152270036567507,-0.808686396043453,-0.745266466203363
"PDAC_216T",0.312185458021286,-0.570496785544739,-0.360611190720187,-0.516767464993079,-0.939974335198122,2.3943460777487,-0.0724995773703317,-0.91100806273368,-0.821125450079774,-0.185004372634463,-0.820235565909858
"PDAC_217T",-0.57408169749815,0.745107809901631,-0.339534911134996,-0.287990446415498,1.66464769229272,-0.495110286200369,-1.57862017348795,-0.698727624421698,0.34039027620826,-0.829498175080782,-0.502489039803414
"PDAC_218T",-0.542142833256418,-0.275789920240247,-0.356147190695471,-0.166276564610676,1.73283122453661,-0.3303197662489,1.55460922392554,-0.117988996753919,-0.0292198759086634,0.226196100280507,1.07611955846075
"PDAC_219T",-0.321491489529984,-0.000342542659179395,-0.392689613529604,-0.328186080221411,-0.299803644748757,-0.803042375443018,-1.16034293268258,-0.18789789297997,-0.283311385820862,-0.282349790712292,0.54841683574039
"PDAC_220T",-0.444146609213542,-0.319350747538466,-0.126973504042951,-0.238778969512931,-0.80932159440531,0.347583196218127,1.38126112575679,-0.72402570673181,-0.115142832920442,-0.282349790712292,-1.12089511772422
"PDAC_221T",-0.534703025025405,-0.0661860370476405,0.00300294588373549,3.17597160334456,0.00677259543004504,-0.622677535762801,0.808908043241814,2.53120702963877,0.60349839272046,1.41162832076966,-0.747786794911445
"PDAC_222T",0.228574800675096,-0.604147766100614,0.259192156046316,-0.286487805899389,-0.197778001301631,-0.634309807759376,0.235805420994192,0.968152644383704,-0.491966270317367,-0.282349790712292,-0.668674103939121
"PDAC_223T",-0.0258608284753716,-0.0123676490862931,0.681117651738636,-0.546820275315257,-0.00637589695547364,-0.0680120327261481,0.606015587277861,0.564979420943052,-0.827490113562128,-0.398828618550247,0.772313155547592
"PDAC_224T",-0.460973362986029,4.53485149124658,0.144628273714611,-0.121197349127409,0.332433567172638,-0.0962526041844979,-0.277004679425739,-0.80678315580306,-0.594225196933854,-0.853163181889358,-0.132029198005908
"PDAC_225T",-0.911110822713224,0.131759771078679,-0.380087854351386,-0.500614079444908,-0.978975981388078,-0.568652094712045,-0.4623794833047,-0.5041638241944,1.43850688236373,2.27984874786727,1.09601164436578
"PDAC_226T",-0.321491489529984,1.74670741744,-0.332774811654789,0.484742438993508,-0.234116661691988,-0.210119622284298,-1.31901822275162,0.0684347265155514,-0.0762830264365142,-0.473348214458102,0.853348131127775
